recording,timestamp,interrupter,interrupted,type,overlap_s,new_speaker_turn_s,new_speaker_continues_after_prior_s
Record-1,24:11.433,Zlatko,Pippi,competitive_overlap,1.147,2.042,0.895
Record-1,24:17.238,Zlatko,Pippi,competitive_overlap,2.734,2.734,0
Record-1,24:25.254,Zlatko,Pippi,competitive_overlap,2.244,2.244,0
Record-1,26:20.814,Zlatko,Pippi,competitive_overlap,2.986,2.986,0
Record-1,26:29.167,Pippi,Zlatko,competitive_overlap,1.89,1.89,0
Record-1,26:35.326,Pippi,Zlatko,competitive_overlap,1.671,3.122,1.451
Record-1,26:42.110,Zlatko,Pippi,competitive_overlap,1.805,7.745,5.94
Record-1,27:03.676,Pippi,Zlatko,successful_floor_take,0.354,2.363,2.009
Record-1,27:10.089,Zlatko,Pippi,competitive_overlap,3.881,12.909,9.028
Record-1,27:16.315,Pippi,Zlatko,competitive_overlap,2.16,2.16,0
Record-1,27:27.217,Pippi,Zlatko,competitive_overlap,1.772,8.285,6.513
Record-1,27:41.695,Pippi,Zlatko,competitive_overlap,1.131,1.131,0
Record-1,29:45.912,Zlatko,Pippi,successful_floor_take,0.456,5.198,4.742
Record-1,30:02.011,Zlatko,Pippi,successful_floor_take,0.675,10.479,9.804
Record-1,33:47.039,Zlatko,Pippi,successful_floor_take,0.996,4.016,3.02
Record-1,33:49.975,Pippi,Zlatko,competitive_overlap,1.08,1.384,0.304
Record-1,35:18.215,Zlatko,Pippi,competitive_overlap,2.227,7.104,4.877
Record-1,35:26.585,Zlatko,Pippi,competitive_overlap,1.35,14.917,13.567
Record-1,35:30.551,Pippi,Zlatko,competitive_overlap,6.091,6.091,0
Record-1,36:22.323,Zlatko,Pippi,competitive_overlap,5.046,6.615,1.569
Record-1,36:28.179,Pippi,Zlatko,successful_floor_take,0.759,3.273,2.514
Record-1,36:30.625,Zlatko,Pippi,successful_floor_take,0.827,3.274,2.447
Record-1,36:35.418,Zlatko,Pippi,successful_floor_take,0.321,1.603,1.282
Record-1,37:06.232,Zlatko,Pippi,successful_floor_take,0.911,1.805,0.894
Record-1,37:32.979,Zlatko,Pippi,competitive_overlap,2.379,2.379,0
Record-1,37:43.897,Zlatko,Pippi,competitive_overlap,3.324,3.324,0
Record-1,37:49.820,Pippi,Zlatko,competitive_overlap,2.362,2.362,0
Record-1,37:52.942,Pippi,Zlatko,competitive_overlap,1.012,1.012,0
Record-1,39:04.053,Zlatko,Pippi,competitive_overlap,2.261,4.742,2.481
Record-1,39:49.717,Zlatko,Pippi,competitive_overlap,2.261,2.261,0
Record-1,39:53.446,Zlatko,Pippi,successful_floor_take,0.371,2.514,2.143
Record-1,39:55.420,Pippi,Zlatko,successful_floor_take,0.54,6.717,6.177
Record-1,39:58.036,Zlatko,Pippi,competitive_overlap,1.316,1.316,0
Record-1,40:01.597,Zlatko,Pippi,successful_floor_take,0.54,5.434,4.894
Record-1,40:11.148,Zlatko,Pippi,successful_floor_take,0.354,6.784,6.43
Record-1,40:20.885,Zlatko,Pippi,competitive_overlap,1.367,6.092,4.725
Record-1,40:55.968,Pippi,Zlatko,competitive_overlap,1.789,1.789,0
Record-1,41:13.957,Zlatko,Pippi,competitive_overlap,1.198,2.514,1.316
Record-1,41:18.716,Zlatko,Pippi,successful_floor_take,0.253,2.345,2.092
Record-1,41:52.736,Zlatko,Pippi,competitive_overlap,2.278,2.278,0
Record-1,48:15.174,Pippi,Zlatko,competitive_overlap,4.691,4.691,0
Record-1,49:08.515,Pippi,Zlatko,successful_floor_take,0.574,2.599,2.025
Record-1,49:09.849,Zlatko,Pippi,competitive_overlap,1.265,16.79,15.525
Record-1,49:16.059,Pippi,Zlatko,competitive_overlap,5.636,5.636,0
Record-1,49:52.525,Zlatko,Pippi,competitive_overlap,1.08,4.152,3.072
Record-1,50:35.793,Zlatko,Pippi,competitive_overlap,1.063,4.489,3.426
Record-1,50:39.843,Pippi,Zlatko,successful_floor_take,0.439,6.21,5.771
Record-1,50:41.750,Zlatko,Pippi,competitive_overlap,1.131,1.131,0
Record-1,50:45.260,Zlatko,Pippi,successful_floor_take,0.793,5.704,4.911
Record-1,50:50.002,Pippi,Zlatko,successful_floor_take,0.962,3.307,2.345
Record-1,50:55.098,Pippi,Zlatko,successful_floor_take,0.54,3.949,3.409
Record-1,51:18.115,Zlatko,Pippi,successful_floor_take,0.186,1.536,1.35
Record-1,51:23.229,Zlatko,Pippi,competitive_overlap,1.704,13.01,11.306
Record-1,51:25.996,Pippi,Zlatko,competitive_overlap,2.312,2.312,0
Record-1,51:33.101,Pippi,Zlatko,competitive_overlap,1.518,1.518,0
Record-1,51:35.969,Pippi,Zlatko,successful_floor_take,0.27,4.843,4.573
Record-1,51:51.275,Pippi,Zlatko,successful_floor_take,0.54,5.366,4.826
Record-1,51:54.228,Zlatko,Pippi,competitive_overlap,2.413,9.416,7.003
Record-1,52:48.363,Zlatko,Pippi,successful_floor_take,0.422,11.323,10.901
Record-1,57:18.650,Pippi,Zlatko,competitive_overlap,2.025,2.025,0
Record-1,57:26.362,Zlatko,Pippi,competitive_overlap,2.261,5.501,3.24
Record-1,59:49.496,Zlatko,Pippi,competitive_overlap,1.468,1.468,0
Record-1,01:00:18.942,Pippi,Zlatko,competitive_overlap,2.413,2.413,0
Record-3,04:08.971,Zlatko,Pippi,competitive_overlap,1.181,1.181,0
Record-3,04:30.352,Zlatko,Pippi,competitive_overlap,1.181,1.181,0
Record-3,07:07.019,Zlatko,Pippi,competitive_overlap,1.384,1.384,0
Record-3,07:40.178,Zlatko,Pippi,successful_floor_take,0.642,3.494,2.852
Record-3,07:42.625,Pippi,Zlatko,competitive_overlap,1.047,2.346,1.299
Record-3,10:47.457,Pippi,Zlatko,competitive_overlap,3.291,3.291,0
Record-3,10:52.992,Pippi,Zlatko,competitive_overlap,2.801,2.801,0
Record-3,11:19.807,Pippi,Zlatko,successful_floor_take,0.843,8.319,7.476
Record-3,12:29.585,Zlatko,Pippi,competitive_overlap,1.451,1.451,0
Record-3,14:48.972,Zlatko,Pippi,competitive_overlap,2.852,6.092,3.24
Record-3,21:01.218,Pippi,Zlatko,successful_floor_take,0.759,3.172,2.413
